text,label,category,lang,source
"प्रिय ग्राहक, खाते की सुरक्षा हेतु OTP तुरंत बताएं।",1,otp,Hindi,synthetic
Your OTP is <OTP> to stop unauthorized transaction of <AMOUNT>.,1,otp,English,synthetic
Your OTP is <OTP> to stop unauthorized transaction of <AMOUNT>.,1,otp,English,synthetic
"प्रिय ग्राहक, खाते की सुरक्षा हेतु OTP तुरंत बताएं।",1,otp,Hindi,synthetic
Aapke account se suspicious payment attempt hua hai. OTP share karein.,1,otp,Hinglish,synthetic
Your OTP is <OTP> to stop unauthorized transaction of <AMOUNT>.,1,otp,English,synthetic
Your OTP is <OTP> to stop unauthorized transaction of <AMOUNT>.,1,otp,English,synthetic
Your OTP is <OTP> to stop unauthorized transaction of <AMOUNT>.,1,otp,English,synthetic
"प्रिय ग्राहक, खाते की सुरक्षा हेतु OTP तुरंत बताएं।",1,otp,Hindi,synthetic
Your OTP is <OTP> to stop unauthorized transaction of <AMOUNT>.,1,otp,English,synthetic
"प्रिय ग्राहक, खाते की सुरक्षा हेतु OTP तुरंत बताएं।",1,otp,Hindi,synthetic
"प्रिय ग्राहक, खाते की सुरक्षा हेतु OTP तुरंत बताएं।",1,otp,Hindi,synthetic
"प्रिय ग्राहक, खाते की सुरक्षा हेतु OTP तुरंत बताएं।",1,otp,Hindi,synthetic
Your OTP is <OTP> to stop unauthorized transaction of <AMOUNT>.,1,otp,English,synthetic
"प्रिय ग्राहक, खाते की सुरक्षा हेतु OTP तुरंत बताएं।",1,otp,Hindi,synthetic
Aapke account se suspicious payment attempt hua hai. OTP share karein.,1,otp,Hinglish,synthetic
Your OTP is <OTP> to stop unauthorized transaction of <AMOUNT>.,1,otp,English,synthetic
Your OTP is <OTP> to stop unauthorized transaction of <AMOUNT>.,1,otp,English,synthetic
Your OTP is <OTP> to stop unauthorized transaction of <AMOUNT>.,1,otp,English,synthetic
Your OTP is <OTP> to stop unauthorized transaction of <AMOUNT>.,1,otp,English,synthetic
Your OTP is <OTP> to stop unauthorized transaction of <AMOUNT>.,1,otp,English,synthetic
"प्रिय ग्राहक, खाते की सुरक्षा हेतु OTP तुरंत बताएं।",1,otp,Hindi,synthetic
"प्रिय ग्राहक, खाते की सुरक्षा हेतु OTP तुरंत बताएं।",1,otp,Hindi,synthetic
Your OTP is <OTP> to stop unauthorized transaction of <AMOUNT>.,1,otp,English,synthetic
"प्रिय ग्राहक, खाते की सुरक्षा हेतु OTP तुरंत बताएं।",1,otp,Hindi,synthetic
Complete KYC immediately at <URL> to avoid account freeze.,1,kyc,English,synthetic
"प्रिय ग्राहक, आपका KYC अधूरा है। तुरंत सत्यापन करें।",1,kyc,Hindi,synthetic
"प्रिय ग्राहक, आपका KYC अधूरा है। तुरंत सत्यापन करें।",1,kyc,Hindi,synthetic
"प्रिय ग्राहक, आपका KYC अधूरा है। तुरंत सत्यापन करें।",1,kyc,Hindi,synthetic
"प्रिय ग्राहक, आपका KYC अधूरा है। तुरंत सत्यापन करें।",1,kyc,Hindi,synthetic
Aapka PAN-Aadhaar verification pending hai. Update now.,1,kyc,Hinglish,synthetic
Complete KYC immediately at <URL> to avoid account freeze.,1,kyc,English,synthetic
Aapka PAN-Aadhaar verification pending hai. Update now.,1,kyc,Hinglish,synthetic
"प्रिय ग्राहक, आपका KYC अधूरा है। तुरंत सत्यापन करें।",1,kyc,Hindi,synthetic
Aapka PAN-Aadhaar verification pending hai. Update now.,1,kyc,Hinglish,synthetic
Complete KYC immediately at <URL> to avoid account freeze.,1,kyc,English,synthetic
Complete KYC immediately at <URL> to avoid account freeze.,1,kyc,English,synthetic
"प्रिय ग्राहक, आपका KYC अधूरा है। तुरंत सत्यापन करें।",1,kyc,Hindi,synthetic
Aapka PAN-Aadhaar verification pending hai. Update now.,1,kyc,Hinglish,synthetic
Aapka PAN-Aadhaar verification pending hai. Update now.,1,kyc,Hinglish,synthetic
Aapka PAN-Aadhaar verification pending hai. Update now.,1,kyc,Hinglish,synthetic
Complete KYC immediately at <URL> to avoid account freeze.,1,kyc,English,synthetic
Complete KYC immediately at <URL> to avoid account freeze.,1,kyc,English,synthetic
Aapka PAN-Aadhaar verification pending hai. Update now.,1,kyc,Hinglish,synthetic
Complete KYC immediately at <URL> to avoid account freeze.,1,kyc,English,synthetic
Complete KYC immediately at <URL> to avoid account freeze.,1,kyc,English,synthetic
Aapka PAN-Aadhaar verification pending hai. Update now.,1,kyc,Hinglish,synthetic
Complete KYC immediately at <URL> to avoid account freeze.,1,kyc,English,synthetic
Aapka PAN-Aadhaar verification pending hai. Update now.,1,kyc,Hinglish,synthetic
Aapka PAN-Aadhaar verification pending hai. Update now.,1,kyc,Hinglish,synthetic
"प्रिय ग्राहक, आपका पार्सल डिलीवर नहीं हो पाया।",1,delivery,Hindi,synthetic
Aapka courier warehouse mein atka hua hai.,1,delivery,Hinglish,synthetic
Your parcel is on hold. Pay <AMOUNT> at <URL>.,1,delivery,English,synthetic
"प्रिय ग्राहक, आपका पार्सल डिलीवर नहीं हो पाया।",1,delivery,Hindi,synthetic
Aapka courier warehouse mein atka hua hai.,1,delivery,Hinglish,synthetic
"प्रिय ग्राहक, आपका पार्सल डिलीवर नहीं हो पाया।",1,delivery,Hindi,synthetic
Your parcel is on hold. Pay <AMOUNT> at <URL>.,1,delivery,English,synthetic
Aapka courier warehouse mein atka hua hai.,1,delivery,Hinglish,synthetic
Your parcel is on hold. Pay <AMOUNT> at <URL>.,1,delivery,English,synthetic
"प्रिय ग्राहक, आपका पार्सल डिलीवर नहीं हो पाया।",1,delivery,Hindi,synthetic
Aapka courier warehouse mein atka hua hai.,1,delivery,Hinglish,synthetic
"प्रिय ग्राहक, आपका पार्सल डिलीवर नहीं हो पाया।",1,delivery,Hindi,synthetic
"प्रिय ग्राहक, आपका पार्सल डिलीवर नहीं हो पाया।",1,delivery,Hindi,synthetic
Aapka courier warehouse mein atka hua hai.,1,delivery,Hinglish,synthetic
"प्रिय ग्राहक, आपका पार्सल डिलीवर नहीं हो पाया।",1,delivery,Hindi,synthetic
Your parcel is on hold. Pay <AMOUNT> at <URL>.,1,delivery,English,synthetic
"प्रिय ग्राहक, आपका पार्सल डिलीवर नहीं हो पाया।",1,delivery,Hindi,synthetic
Your parcel is on hold. Pay <AMOUNT> at <URL>.,1,delivery,English,synthetic
Your parcel is on hold. Pay <AMOUNT> at <URL>.,1,delivery,English,synthetic
"प्रिय ग्राहक, आपका पार्सल डिलीवर नहीं हो पाया।",1,delivery,Hindi,synthetic
Your parcel is on hold. Pay <AMOUNT> at <URL>.,1,delivery,English,synthetic
Aapka courier warehouse mein atka hua hai.,1,delivery,Hinglish,synthetic
Your parcel is on hold. Pay <AMOUNT> at <URL>.,1,delivery,English,synthetic
Your parcel is on hold. Pay <AMOUNT> at <URL>.,1,delivery,English,synthetic
Your parcel is on hold. Pay <AMOUNT> at <URL>.,1,delivery,English,synthetic
Aapke naam pe illegal SIM issue hua hai.,1,digital_arrest,Hinglish,synthetic
Aapke naam pe illegal SIM issue hua hai.,1,digital_arrest,Hinglish,synthetic
Aapke naam pe illegal SIM issue hua hai.,1,digital_arrest,Hinglish,synthetic
आपके खिलाफ साइबर अपराध मामला दर्ज किया गया है।,1,digital_arrest,Hindi,synthetic
Aapke naam pe illegal SIM issue hua hai.,1,digital_arrest,Hinglish,synthetic
TRAI complaint filed against your number. Respond urgently.,1,digital_arrest,English,synthetic
Aapke naam pe illegal SIM issue hua hai.,1,digital_arrest,Hinglish,synthetic
Aapke naam pe illegal SIM issue hua hai.,1,digital_arrest,Hinglish,synthetic
TRAI complaint filed against your number. Respond urgently.,1,digital_arrest,English,synthetic
आपके खिलाफ साइबर अपराध मामला दर्ज किया गया है।,1,digital_arrest,Hindi,synthetic
Aapke naam pe illegal SIM issue hua hai.,1,digital_arrest,Hinglish,synthetic
आपके खिलाफ साइबर अपराध मामला दर्ज किया गया है।,1,digital_arrest,Hindi,synthetic
आपके खिलाफ साइबर अपराध मामला दर्ज किया गया है।,1,digital_arrest,Hindi,synthetic
आपके खिलाफ साइबर अपराध मामला दर्ज किया गया है।,1,digital_arrest,Hindi,synthetic
TRAI complaint filed against your number. Respond urgently.,1,digital_arrest,English,synthetic
आपके खिलाफ साइबर अपराध मामला दर्ज किया गया है।,1,digital_arrest,Hindi,synthetic
आपके खिलाफ साइबर अपराध मामला दर्ज किया गया है।,1,digital_arrest,Hindi,synthetic
TRAI complaint filed against your number. Respond urgently.,1,digital_arrest,English,synthetic
आपके खिलाफ साइबर अपराध मामला दर्ज किया गया है।,1,digital_arrest,Hindi,synthetic
आपके खिलाफ साइबर अपराध मामला दर्ज किया गया है।,1,digital_arrest,Hindi,synthetic
TRAI complaint filed against your number. Respond urgently.,1,digital_arrest,English,synthetic
TRAI complaint filed against your number. Respond urgently.,1,digital_arrest,English,synthetic
Aapke naam pe illegal SIM issue hua hai.,1,digital_arrest,Hinglish,synthetic
Aapke naam pe illegal SIM issue hua hai.,1,digital_arrest,Hinglish,synthetic
Aapke naam pe illegal SIM issue hua hai.,1,digital_arrest,Hinglish,synthetic
"प्रिय ग्राहक, आपका ATM कार्ड निष्क्रिय किया गया है।",1,bank_impersonation,Hindi,synthetic
"प्रिय ग्राहक, आपका ATM कार्ड निष्क्रिय किया गया है।",1,bank_impersonation,Hindi,synthetic
"प्रिय ग्राहक, आपका ATM कार्ड निष्क्रिय किया गया है।",1,bank_impersonation,Hindi,synthetic
SBI alert: suspicious login detected. Verify now.,1,bank_impersonation,English,synthetic
"प्रिय ग्राहक, आपका ATM कार्ड निष्क्रिय किया गया है।",1,bank_impersonation,Hindi,synthetic
Aapka netbanking block hone wala hai.,1,bank_impersonation,Hinglish,synthetic
SBI alert: suspicious login detected. Verify now.,1,bank_impersonation,English,synthetic
SBI alert: suspicious login detected. Verify now.,1,bank_impersonation,English,synthetic
SBI alert: suspicious login detected. Verify now.,1,bank_impersonation,English,synthetic
Aapka netbanking block hone wala hai.,1,bank_impersonation,Hinglish,synthetic
Aapka netbanking block hone wala hai.,1,bank_impersonation,Hinglish,synthetic
Aapka netbanking block hone wala hai.,1,bank_impersonation,Hinglish,synthetic
SBI alert: suspicious login detected. Verify now.,1,bank_impersonation,English,synthetic
SBI alert: suspicious login detected. Verify now.,1,bank_impersonation,English,synthetic
"प्रिय ग्राहक, आपका ATM कार्ड निष्क्रिय किया गया है।",1,bank_impersonation,Hindi,synthetic
"प्रिय ग्राहक, आपका ATM कार्ड निष्क्रिय किया गया है।",1,bank_impersonation,Hindi,synthetic
Aapka netbanking block hone wala hai.,1,bank_impersonation,Hinglish,synthetic
SBI alert: suspicious login detected. Verify now.,1,bank_impersonation,English,synthetic
"प्रिय ग्राहक, आपका ATM कार्ड निष्क्रिय किया गया है।",1,bank_impersonation,Hindi,synthetic
Aapka netbanking block hone wala hai.,1,bank_impersonation,Hinglish,synthetic
Aapka netbanking block hone wala hai.,1,bank_impersonation,Hinglish,synthetic
"प्रिय ग्राहक, आपका ATM कार्ड निष्क्रिय किया गया है।",1,bank_impersonation,Hindi,synthetic
Aapka netbanking block hone wala hai.,1,bank_impersonation,Hinglish,synthetic
SBI alert: suspicious login detected. Verify now.,1,bank_impersonation,English,synthetic
Aapka netbanking block hone wala hai.,1,bank_impersonation,Hinglish,synthetic
Electricity bill unpaid. Power cut tonight.,1,electricity,English,synthetic
Electricity bill unpaid. Power cut tonight.,1,electricity,English,synthetic
बिजली विभाग: भुगतान तुरंत करें।,1,electricity,Hindi,synthetic
बिजली विभाग: भुगतान तुरंत करें।,1,electricity,Hindi,synthetic
बिजली विभाग: भुगतान तुरंत करें।,1,electricity,Hindi,synthetic
Aapka bijli connection disconnect ho jayega.,1,electricity,Hinglish,synthetic
बिजली विभाग: भुगतान तुरंत करें।,1,electricity,Hindi,synthetic
बिजली विभाग: भुगतान तुरंत करें।,1,electricity,Hindi,synthetic
Aapka bijli connection disconnect ho jayega.,1,electricity,Hinglish,synthetic
बिजली विभाग: भुगतान तुरंत करें।,1,electricity,Hindi,synthetic
Aapka bijli connection disconnect ho jayega.,1,electricity,Hinglish,synthetic
Aapka bijli connection disconnect ho jayega.,1,electricity,Hinglish,synthetic
Electricity bill unpaid. Power cut tonight.,1,electricity,English,synthetic
Electricity bill unpaid. Power cut tonight.,1,electricity,English,synthetic
बिजली विभाग: भुगतान तुरंत करें।,1,electricity,Hindi,synthetic
Aapka bijli connection disconnect ho jayega.,1,electricity,Hinglish,synthetic
Electricity bill unpaid. Power cut tonight.,1,electricity,English,synthetic
Electricity bill unpaid. Power cut tonight.,1,electricity,English,synthetic
Electricity bill unpaid. Power cut tonight.,1,electricity,English,synthetic
Electricity bill unpaid. Power cut tonight.,1,electricity,English,synthetic
"प्रिय उम्मीदवार, नौकरी हेतु शुल्क जमा करें।",1,job,Hindi,synthetic
Earn <AMOUNT> daily from home.,1,job,English,synthetic
"प्रिय उम्मीदवार, नौकरी हेतु शुल्क जमा करें।",1,job,Hindi,synthetic
Aapko online job offer mila hai.,1,job,Hinglish,synthetic
"प्रिय उम्मीदवार, नौकरी हेतु शुल्क जमा करें।",1,job,Hindi,synthetic
Earn <AMOUNT> daily from home.,1,job,English,synthetic
Aapko online job offer mila hai.,1,job,Hinglish,synthetic
Aapko online job offer mila hai.,1,job,Hinglish,synthetic
"प्रिय उम्मीदवार, नौकरी हेतु शुल्क जमा करें।",1,job,Hindi,synthetic
Aapko online job offer mila hai.,1,job,Hinglish,synthetic
"प्रिय उम्मीदवार, नौकरी हेतु शुल्क जमा करें।",1,job,Hindi,synthetic
Aapko online job offer mila hai.,1,job,Hinglish,synthetic
"प्रिय उम्मीदवार, नौकरी हेतु शुल्क जमा करें।",1,job,Hindi,synthetic
Earn <AMOUNT> daily from home.,1,job,English,synthetic
"प्रिय उम्मीदवार, नौकरी हेतु शुल्क जमा करें।",1,job,Hindi,synthetic
"प्रिय उम्मीदवार, नौकरी हेतु शुल्क जमा करें।",1,job,Hindi,synthetic
Earn <AMOUNT> daily from home.,1,job,English,synthetic
"प्रिय उम्मीदवार, नौकरी हेतु शुल्क जमा करें।",1,job,Hindi,synthetic
"प्रिय उम्मीदवार, नौकरी हेतु शुल्क जमा करें।",1,job,Hindi,synthetic
Aapko online job offer mila hai.,1,job,Hinglish,synthetic
आपने अंतरराष्ट्रीय लॉटरी जीती है।,1,lottery,Hindi,synthetic
Aap lucky winner select hue hain.,1,lottery,Hinglish,synthetic
Congratulations! You won <AMOUNT>.,1,lottery,English,synthetic
Aap lucky winner select hue hain.,1,lottery,Hinglish,synthetic
Aap lucky winner select hue hain.,1,lottery,Hinglish,synthetic
Congratulations! You won <AMOUNT>.,1,lottery,English,synthetic
Aap lucky winner select hue hain.,1,lottery,Hinglish,synthetic
Congratulations! You won <AMOUNT>.,1,lottery,English,synthetic
आपने अंतरराष्ट्रीय लॉटरी जीती है।,1,lottery,Hindi,synthetic
आपने अंतरराष्ट्रीय लॉटरी जीती है।,1,lottery,Hindi,synthetic
Aap lucky winner select hue hain.,1,lottery,Hinglish,synthetic
आपने अंतरराष्ट्रीय लॉटरी जीती है।,1,lottery,Hindi,synthetic
Congratulations! You won <AMOUNT>.,1,lottery,English,synthetic
आपने अंतरराष्ट्रीय लॉटरी जीती है।,1,lottery,Hindi,synthetic
Congratulations! You won <AMOUNT>.,1,lottery,English,synthetic
आपने अंतरराष्ट्रीय लॉटरी जीती है।,1,lottery,Hindi,synthetic
Aap lucky winner select hue hain.,1,lottery,Hinglish,synthetic
आपने अंतरराष्ट्रीय लॉटरी जीती है।,1,lottery,Hindi,synthetic
आपने अंतरराष्ट्रीय लॉटरी जीती है।,1,lottery,Hindi,synthetic
आपने अंतरराष्ट्रीय लॉटरी जीती है।,1,lottery,Hindi,synthetic
Instant loan approved without documents.,1,loan,English,synthetic
Instant loan approved without documents.,1,loan,English,synthetic
Aap eligible ho quick cash loan ke liye.,1,loan,Hinglish,synthetic
Instant loan approved without documents.,1,loan,English,synthetic
आपका त्वरित ऋण स्वीकृत हो गया है।,1,loan,Hindi,synthetic
आपका त्वरित ऋण स्वीकृत हो गया है।,1,loan,Hindi,synthetic
Instant loan approved without documents.,1,loan,English,synthetic
आपका त्वरित ऋण स्वीकृत हो गया है।,1,loan,Hindi,synthetic
Aap eligible ho quick cash loan ke liye.,1,loan,Hinglish,synthetic
Aap eligible ho quick cash loan ke liye.,1,loan,Hinglish,synthetic
Instant loan approved without documents.,1,loan,English,synthetic
Instant loan approved without documents.,1,loan,English,synthetic
Aap eligible ho quick cash loan ke liye.,1,loan,Hinglish,synthetic
Aap eligible ho quick cash loan ke liye.,1,loan,Hinglish,synthetic
Instant loan approved without documents.,1,loan,English,synthetic
Instant loan approved without documents.,1,loan,English,synthetic
Instant loan approved without documents.,1,loan,English,synthetic
आपका त्वरित ऋण स्वीकृत हो गया है।,1,loan,Hindi,synthetic
Instant loan approved without documents.,1,loan,English,synthetic
Instant loan approved without documents.,1,loan,English,synthetic
आपका GST रिफंड लंबित है।,1,refund,Hindi,synthetic
Aapka tax refund hold par hai.,1,refund,Hinglish,synthetic
Your refund of <AMOUNT> is pending.,1,refund,English,synthetic
आपका GST रिफंड लंबित है।,1,refund,Hindi,synthetic
Your refund of <AMOUNT> is pending.,1,refund,English,synthetic
Your refund of <AMOUNT> is pending.,1,refund,English,synthetic
आपका GST रिफंड लंबित है।,1,refund,Hindi,synthetic
Aapka tax refund hold par hai.,1,refund,Hinglish,synthetic
आपका GST रिफंड लंबित है।,1,refund,Hindi,synthetic
Your refund of <AMOUNT> is pending.,1,refund,English,synthetic
Aapka tax refund hold par hai.,1,refund,Hinglish,synthetic
आपका GST रिफंड लंबित है।,1,refund,Hindi,synthetic
आपका GST रिफंड लंबित है।,1,refund,Hindi,synthetic
Aapka tax refund hold par hai.,1,refund,Hinglish,synthetic
Your refund of <AMOUNT> is pending.,1,refund,English,synthetic
आपका GST रिफंड लंबित है।,1,refund,Hindi,synthetic
आपका GST रिफंड लंबित है।,1,refund,Hindi,synthetic
आपका GST रिफंड लंबित है।,1,refund,Hindi,synthetic
Your refund of <AMOUNT> is pending.,1,refund,English,synthetic
आपका GST रिफंड लंबित है।,1,refund,Hindi,synthetic
UPI payment of <AMOUNT> successful.,0,safe_transactional,English,synthetic
UPI payment of <AMOUNT> successful.,0,safe_transactional,English,synthetic
आपके खाते से <AMOUNT> डेबिट किए गए हैं।,0,safe_transactional,Hindi,synthetic
आपके खाते से <AMOUNT> डेबिट किए गए हैं।,0,safe_transactional,Hindi,synthetic
UPI payment of <AMOUNT> successful.,0,safe_transactional,English,synthetic
UPI payment of <AMOUNT> successful.,0,safe_transactional,English,synthetic
आपके खाते से <AMOUNT> डेबिट किए गए हैं।,0,safe_transactional,Hindi,synthetic
UPI payment of <AMOUNT> successful.,0,safe_transactional,English,synthetic
Your OTP is <OTP> for login. Do not share.,0,safe_transactional,English,synthetic
Your OTP is <OTP> for login. Do not share.,0,safe_transactional,English,synthetic
Your OTP is <OTP> for login. Do not share.,0,safe_transactional,English,synthetic
Your OTP is <OTP> for login. Do not share.,0,safe_transactional,English,synthetic
UPI payment of <AMOUNT> successful.,0,safe_transactional,English,synthetic
Your OTP is <OTP> for login. Do not share.,0,safe_transactional,English,synthetic
आपके खाते से <AMOUNT> डेबिट किए गए हैं।,0,safe_transactional,Hindi,synthetic
आपके खाते से <AMOUNT> डेबिट किए गए हैं।,0,safe_transactional,Hindi,synthetic
Your OTP is <OTP> for login. Do not share.,0,safe_transactional,English,synthetic
आपके खाते से <AMOUNT> डेबिट किए गए हैं।,0,safe_transactional,Hindi,synthetic
Your OTP is <OTP> for login. Do not share.,0,safe_transactional,English,synthetic
Your OTP is <OTP> for login. Do not share.,0,safe_transactional,English,synthetic
Your OTP is <OTP> for login. Do not share.,0,safe_transactional,English,synthetic
आपके खाते से <AMOUNT> डेबिट किए गए हैं।,0,safe_transactional,Hindi,synthetic
आपके खाते से <AMOUNT> डेबिट किए गए हैं।,0,safe_transactional,Hindi,synthetic
Your OTP is <OTP> for login. Do not share.,0,safe_transactional,English,synthetic
Your OTP is <OTP> for login. Do not share.,0,safe_transactional,English,synthetic
Your OTP is <OTP> for login. Do not share.,0,safe_transactional,English,synthetic
Your OTP is <OTP> for login. Do not share.,0,safe_transactional,English,synthetic
UPI payment of <AMOUNT> successful.,0,safe_transactional,English,synthetic
Your OTP is <OTP> for login. Do not share.,0,safe_transactional,English,synthetic
आपके खाते से <AMOUNT> डेबिट किए गए हैं।,0,safe_transactional,Hindi,synthetic
Your OTP is <OTP> for login. Do not share.,0,safe_transactional,English,synthetic
UPI payment of <AMOUNT> successful.,0,safe_transactional,English,synthetic
आपके खाते से <AMOUNT> डेबिट किए गए हैं।,0,safe_transactional,Hindi,synthetic
UPI payment of <AMOUNT> successful.,0,safe_transactional,English,synthetic
Your OTP is <OTP> for login. Do not share.,0,safe_transactional,English,synthetic
आपके खाते से <AMOUNT> डेबिट किए गए हैं।,0,safe_transactional,Hindi,synthetic
Your OTP is <OTP> for login. Do not share.,0,safe_transactional,English,synthetic
आपके खाते से <AMOUNT> डेबिट किए गए हैं।,0,safe_transactional,Hindi,synthetic
आपके खाते से <AMOUNT> डेबिट किए गए हैं।,0,safe_transactional,Hindi,synthetic
आपके खाते से <AMOUNT> डेबिट किए गए हैं।,0,safe_transactional,Hindi,synthetic
UPI payment of <AMOUNT> successful.,0,safe_transactional,English,synthetic
Your OTP is <OTP> for login. Do not share.,0,safe_transactional,English,synthetic
UPI payment of <AMOUNT> successful.,0,safe_transactional,English,synthetic
UPI payment of <AMOUNT> successful.,0,safe_transactional,English,synthetic
Your OTP is <OTP> for login. Do not share.,0,safe_transactional,English,synthetic
Your OTP is <OTP> for login. Do not share.,0,safe_transactional,English,synthetic
Your OTP is <OTP> for login. Do not share.,0,safe_transactional,English,synthetic
आपके खाते से <AMOUNT> डेबिट किए गए हैं।,0,safe_transactional,Hindi,synthetic
UPI payment of <AMOUNT> successful.,0,safe_transactional,English,synthetic
UPI payment of <AMOUNT> successful.,0,safe_transactional,English,synthetic
UPI payment of <AMOUNT> successful.,0,safe_transactional,English,synthetic
UPI payment of <AMOUNT> successful.,0,safe_transactional,English,synthetic
UPI payment of <AMOUNT> successful.,0,safe_transactional,English,synthetic
आपके खाते से <AMOUNT> डेबिट किए गए हैं।,0,safe_transactional,Hindi,synthetic
Your OTP is <OTP> for login. Do not share.,0,safe_transactional,English,synthetic
आपके खाते से <AMOUNT> डेबिट किए गए हैं।,0,safe_transactional,Hindi,synthetic
आपके खाते से <AMOUNT> डेबिट किए गए हैं।,0,safe_transactional,Hindi,synthetic
आपके खाते से <AMOUNT> डेबिट किए गए हैं।,0,safe_transactional,Hindi,synthetic
Your OTP is <OTP> for login. Do not share.,0,safe_transactional,English,synthetic
Your OTP is <OTP> for login. Do not share.,0,safe_transactional,English,synthetic
Aaj Myntra pe extra discount available hai.,0,safe_promo,Hinglish,synthetic
"प्रिय ग्राहक, नया recharge plan उपलब्ध है।",0,safe_promo,Hindi,synthetic
Aaj Myntra pe extra discount available hai.,0,safe_promo,Hinglish,synthetic
Swiggy offer: Flat 50% off today.,0,safe_promo,English,synthetic
Swiggy offer: Flat 50% off today.,0,safe_promo,English,synthetic
Swiggy offer: Flat 50% off today.,0,safe_promo,English,synthetic
Swiggy offer: Flat 50% off today.,0,safe_promo,English,synthetic
"प्रिय ग्राहक, नया recharge plan उपलब्ध है।",0,safe_promo,Hindi,synthetic
Aaj Myntra pe extra discount available hai.,0,safe_promo,Hinglish,synthetic
Swiggy offer: Flat 50% off today.,0,safe_promo,English,synthetic
Aaj Myntra pe extra discount available hai.,0,safe_promo,Hinglish,synthetic
Swiggy offer: Flat 50% off today.,0,safe_promo,English,synthetic
Aaj Myntra pe extra discount available hai.,0,safe_promo,Hinglish,synthetic
Aaj Myntra pe extra discount available hai.,0,safe_promo,Hinglish,synthetic
Swiggy offer: Flat 50% off today.,0,safe_promo,English,synthetic
Swiggy offer: Flat 50% off today.,0,safe_promo,English,synthetic
Aaj Myntra pe extra discount available hai.,0,safe_promo,Hinglish,synthetic
"प्रिय ग्राहक, नया recharge plan उपलब्ध है।",0,safe_promo,Hindi,synthetic
Swiggy offer: Flat 50% off today.,0,safe_promo,English,synthetic
Swiggy offer: Flat 50% off today.,0,safe_promo,English,synthetic
"प्रिय ग्राहक, नया recharge plan उपलब्ध है।",0,safe_promo,Hindi,synthetic
"प्रिय ग्राहक, नया recharge plan उपलब्ध है।",0,safe_promo,Hindi,synthetic
Swiggy offer: Flat 50% off today.,0,safe_promo,English,synthetic
Swiggy offer: Flat 50% off today.,0,safe_promo,English,synthetic
Swiggy offer: Flat 50% off today.,0,safe_promo,English,synthetic
Swiggy offer: Flat 50% off today.,0,safe_promo,English,synthetic
Aaj Myntra pe extra discount available hai.,0,safe_promo,Hinglish,synthetic
Aaj Myntra pe extra discount available hai.,0,safe_promo,Hinglish,synthetic
Aaj Myntra pe extra discount available hai.,0,safe_promo,Hinglish,synthetic
Swiggy offer: Flat 50% off today.,0,safe_promo,English,synthetic
Aaj Myntra pe extra discount available hai.,0,safe_promo,Hinglish,synthetic
Swiggy offer: Flat 50% off today.,0,safe_promo,English,synthetic
Swiggy offer: Flat 50% off today.,0,safe_promo,English,synthetic
Aaj Myntra pe extra discount available hai.,0,safe_promo,Hinglish,synthetic
Swiggy offer: Flat 50% off today.,0,safe_promo,English,synthetic
Aaj Myntra pe extra discount available hai.,0,safe_promo,Hinglish,synthetic
Aaj Myntra pe extra discount available hai.,0,safe_promo,Hinglish,synthetic
Aaj Myntra pe extra discount available hai.,0,safe_promo,Hinglish,synthetic
Aaj Myntra pe extra discount available hai.,0,safe_promo,Hinglish,synthetic
Aaj Myntra pe extra discount available hai.,0,safe_promo,Hinglish,synthetic
"प्रिय ग्राहक, नया recharge plan उपलब्ध है।",0,safe_promo,Hindi,synthetic
"प्रिय ग्राहक, नया recharge plan उपलब्ध है।",0,safe_promo,Hindi,synthetic
"प्रिय ग्राहक, नया recharge plan उपलब्ध है।",0,safe_promo,Hindi,synthetic
"प्रिय ग्राहक, नया recharge plan उपलब्ध है।",0,safe_promo,Hindi,synthetic
"प्रिय ग्राहक, नया recharge plan उपलब्ध है।",0,safe_promo,Hindi,synthetic
Aaj Myntra pe extra discount available hai.,0,safe_promo,Hinglish,synthetic
Swiggy offer: Flat 50% off today.,0,safe_promo,English,synthetic
Swiggy offer: Flat 50% off today.,0,safe_promo,English,synthetic
Aaj Myntra pe extra discount available hai.,0,safe_promo,Hinglish,synthetic
Swiggy offer: Flat 50% off today.,0,safe_promo,English,synthetic
Hey bro kal milte hain.,0,safe_personal,Hinglish,synthetic
Can you send me the notes?,0,safe_personal,English,synthetic
Can you send me the notes?,0,safe_personal,English,synthetic
Can you send me the notes?,0,safe_personal,English,synthetic
Hey bro kal milte hain.,0,safe_personal,Hinglish,synthetic
Can you send me the notes?,0,safe_personal,English,synthetic
मैं शाम तक घर पहुँच जाऊँगा।,0,safe_personal,Hindi,synthetic
Hey bro kal milte hain.,0,safe_personal,Hinglish,synthetic
Hey bro kal milte hain.,0,safe_personal,Hinglish,synthetic
Can you send me the notes?,0,safe_personal,English,synthetic
मैं शाम तक घर पहुँच जाऊँगा।,0,safe_personal,Hindi,synthetic
Can you send me the notes?,0,safe_personal,English,synthetic
Can you send me the notes?,0,safe_personal,English,synthetic
Hey bro kal milte hain.,0,safe_personal,Hinglish,synthetic
Hey bro kal milte hain.,0,safe_personal,Hinglish,synthetic
Can you send me the notes?,0,safe_personal,English,synthetic
Hey bro kal milte hain.,0,safe_personal,Hinglish,synthetic
Hey bro kal milte hain.,0,safe_personal,Hinglish,synthetic
Hey bro kal milte hain.,0,safe_personal,Hinglish,synthetic
Can you send me the notes?,0,safe_personal,English,synthetic
Hey bro kal milte hain.,0,safe_personal,Hinglish,synthetic
Can you send me the notes?,0,safe_personal,English,synthetic
Hey bro kal milte hain.,0,safe_personal,Hinglish,synthetic
मैं शाम तक घर पहुँच जाऊँगा।,0,safe_personal,Hindi,synthetic
Hey bro kal milte hain.,0,safe_personal,Hinglish,synthetic
Can you send me the notes?,0,safe_personal,English,synthetic
Hey bro kal milte hain.,0,safe_personal,Hinglish,synthetic
Can you send me the notes?,0,safe_personal,English,synthetic
Can you send me the notes?,0,safe_personal,English,synthetic
Hey bro kal milte hain.,0,safe_personal,Hinglish,synthetic
Can you send me the notes?,0,safe_personal,English,synthetic
Hey bro kal milte hain.,0,safe_personal,Hinglish,synthetic
मैं शाम तक घर पहुँच जाऊँगा।,0,safe_personal,Hindi,synthetic
Can you send me the notes?,0,safe_personal,English,synthetic
Can you send me the notes?,0,safe_personal,English,synthetic
Can you send me the notes?,0,safe_personal,English,synthetic
Can you send me the notes?,0,safe_personal,English,synthetic
मैं शाम तक घर पहुँच जाऊँगा।,0,safe_personal,Hindi,synthetic
मैं शाम तक घर पहुँच जाऊँगा।,0,safe_personal,Hindi,synthetic
Hey bro kal milte hain.,0,safe_personal,Hinglish,synthetic
आपकी appointment कल निर्धारित है।,0,safe_generic,Hindi,synthetic
आपकी appointment कल निर्धारित है।,0,safe_generic,Hindi,synthetic
Aapka cab driver 5 mins mein pahunch raha hai.,0,safe_generic,Hinglish,synthetic
Your order has been delivered.,0,safe_generic,English,synthetic
Aapka cab driver 5 mins mein pahunch raha hai.,0,safe_generic,Hinglish,synthetic
Aapka cab driver 5 mins mein pahunch raha hai.,0,safe_generic,Hinglish,synthetic
Your order has been delivered.,0,safe_generic,English,synthetic
आपकी appointment कल निर्धारित है।,0,safe_generic,Hindi,synthetic
आपकी appointment कल निर्धारित है।,0,safe_generic,Hindi,synthetic
Aapka cab driver 5 mins mein pahunch raha hai.,0,safe_generic,Hinglish,synthetic
Aapka cab driver 5 mins mein pahunch raha hai.,0,safe_generic,Hinglish,synthetic
Aapka cab driver 5 mins mein pahunch raha hai.,0,safe_generic,Hinglish,synthetic
Your order has been delivered.,0,safe_generic,English,synthetic
Your order has been delivered.,0,safe_generic,English,synthetic
Aapka cab driver 5 mins mein pahunch raha hai.,0,safe_generic,Hinglish,synthetic
आपकी appointment कल निर्धारित है।,0,safe_generic,Hindi,synthetic
आपकी appointment कल निर्धारित है।,0,safe_generic,Hindi,synthetic
Your order has been delivered.,0,safe_generic,English,synthetic
Your order has been delivered.,0,safe_generic,English,synthetic
आपकी appointment कल निर्धारित है।,0,safe_generic,Hindi,synthetic
Your order has been delivered.,0,safe_generic,English,synthetic
आपकी appointment कल निर्धारित है।,0,safe_generic,Hindi,synthetic
Aapka cab driver 5 mins mein pahunch raha hai.,0,safe_generic,Hinglish,synthetic
Your order has been delivered.,0,safe_generic,English,synthetic
Aapka cab driver 5 mins mein pahunch raha hai.,0,safe_generic,Hinglish,synthetic
Your order has been delivered.,0,safe_generic,English,synthetic
Your order has been delivered.,0,safe_generic,English,synthetic
Aapka cab driver 5 mins mein pahunch raha hai.,0,safe_generic,Hinglish,synthetic
Aapka cab driver 5 mins mein pahunch raha hai.,0,safe_generic,Hinglish,synthetic
Your order has been delivered.,0,safe_generic,English,synthetic
Aapka cab driver 5 mins mein pahunch raha hai.,0,safe_generic,Hinglish,synthetic
आपकी appointment कल निर्धारित है।,0,safe_generic,Hindi,synthetic
आपकी appointment कल निर्धारित है।,0,safe_generic,Hindi,synthetic
Aapka cab driver 5 mins mein pahunch raha hai.,0,safe_generic,Hinglish,synthetic
आपकी appointment कल निर्धारित है।,0,safe_generic,Hindi,synthetic
आपकी appointment कल निर्धारित है।,0,safe_generic,Hindi,synthetic
आपकी appointment कल निर्धारित है।,0,safe_generic,Hindi,synthetic
Your order has been delivered.,0,safe_generic,English,synthetic
आपकी appointment कल निर्धारित है।,0,safe_generic,Hindi,synthetic
आपकी appointment कल निर्धारित है।,0,safe_generic,Hindi,synthetic
